{"meta": {"format": 3, "version": "7.11.0", "timestamp": "2025-11-04T17:37:22.922749", "branch_coverage": false, "show_contexts": false}, "files": {"ice_pipeline/__init__.py": {"executed_lines": [1, 17, 18, 19, 25], "summary": {"covered_lines": 4, "num_statements": 4, "percent_covered": 100.0, "percent_covered_display": "100", "missing_lines": 0, "excluded_lines": 0}, "missing_lines": [], "excluded_lines": [], "functions": {"": {"executed_lines": [1, 17, 18, 19, 25], "summary": {"covered_lines": 4, "num_statements": 4, "percent_covered": 100.0, "percent_covered_display": "100", "missing_lines": 0, "excluded_lines": 0}, "missing_lines": [], "excluded_lines": []}}, "classes": {"": {"executed_lines": [1, 17, 18, 19, 25], "summary": {"covered_lines": 4, "num_statements": 4, "percent_covered": 100.0, "percent_covered_display": "100", "missing_lines": 0, "excluded_lines": 0}, "missing_lines": [], "excluded_lines": []}}}, "ice_pipeline/api.py": {"executed_lines": [1, 7, 8, 9, 10, 11, 12, 14, 15, 16, 17, 18, 21, 22, 25, 26, 28, 34, 41, 50, 51, 52, 53, 56, 57, 58, 59, 61, 62, 63, 64, 65, 66, 67, 68, 70, 71, 72, 73, 74, 75, 76, 78, 79, 80, 81, 82, 83, 85, 86, 87, 88, 90, 92, 93, 94, 95, 96, 98, 99, 100, 101, 103, 104, 105, 106, 107, 108, 109, 113, 114, 116, 125, 126, 128, 129, 134, 136, 137, 138, 140, 141, 143, 144, 146, 147, 149, 150, 151, 154, 156, 162, 163, 165, 166, 168, 169, 172, 173, 174, 184, 190, 191, 193, 194, 195, 197, 198, 202, 208, 209, 210, 212, 215, 216, 217, 261, 263, 264, 265, 266, 267, 268, 270, 325, 330], "summary": {"covered_lines": 125, "num_statements": 183, "percent_covered": 68.30601092896175, "percent_covered_display": "68", "missing_lines": 58, "excluded_lines": 0}, "missing_lines": [29, 30, 31, 89, 139, 220, 221, 222, 224, 226, 229, 232, 233, 234, 235, 236, 237, 240, 241, 242, 248, 250, 258, 259, 276, 277, 278, 280, 281, 282, 283, 284, 286, 288, 289, 291, 292, 293, 294, 295, 296, 297, 298, 299, 300, 301, 302, 305, 307, 308, 309, 310, 312, 321, 322, 327, 328, 331], "excluded_lines": [], "functions": {"ExcelConversionRequest.validate_file_path": {"executed_lines": [64, 65, 66, 67, 68], "summary": {"covered_lines": 5, "num_statements": 5, "percent_covered": 100.0, "percent_covered_display": "100", "missing_lines": 0, "excluded_lines": 0}, "missing_lines": [], "excluded_lines": []}, "ExcelConversionRequest.validate_output_format": {"executed_lines": [73, 74, 75, 76], "summary": {"covered_lines": 4, "num_statements": 4, "percent_covered": 100.0, "percent_covered_display": "100", "missing_lines": 0, "excluded_lines": 0}, "missing_lines": [], "excluded_lines": []}, "ExcelConversionResponse.validate_output_file": {"executed_lines": [88, 90], "summary": {"covered_lines": 2, "num_statements": 3, "percent_covered": 66.66666666666667, "percent_covered_display": "67", "missing_lines": 1, "excluded_lines": 0}, "missing_lines": [89], "excluded_lines": []}, "health_check": {"executed_lines": [116], "summary": {"covered_lines": 1, "num_statements": 1, "percent_covered": 100.0, "percent_covered_display": "100", "missing_lines": 0, "excluded_lines": 0}, "missing_lines": [], "excluded_lines": []}, "convert_excel": {"executed_lines": [128, 129, 134, 136, 137, 138, 140, 141], "summary": {"covered_lines": 8, "num_statements": 9, "percent_covered": 88.88888888888889, "percent_covered_display": "89", "missing_lines": 1, "excluded_lines": 0}, "missing_lines": [139], "excluded_lines": []}, "trigger_ice_ingestion": {"executed_lines": [146, 147, 149, 150, 151, 154, 156], "summary": {"covered_lines": 7, "num_statements": 7, "percent_covered": 100.0, "percent_covered_display": "100", "missing_lines": 0, "excluded_lines": 0}, "missing_lines": [], "excluded_lines": []}, "get_ice_status": {"executed_lines": [165, 166, 168, 169, 172, 173, 174, 184], "summary": {"covered_lines": 8, "num_statements": 8, "percent_covered": 100.0, "percent_covered_display": "100", "missing_lines": 0, "excluded_lines": 0}, "missing_lines": [], "excluded_lines": []}, "cleanup_ice_ingestion": {"executed_lines": [193, 194, 195, 197, 198], "summary": {"covered_lines": 5, "num_statements": 5, "percent_covered": 100.0, "percent_covered_display": "100", "missing_lines": 0, "excluded_lines": 0}, "missing_lines": [], "excluded_lines": []}, "process_excel_conversion": {"executed_lines": [208, 209, 210, 212, 215, 216, 217], "summary": {"covered_lines": 7, "num_statements": 26, "percent_covered": 26.923076923076923, "percent_covered_display": "27", "missing_lines": 19, "excluded_lines": 0}, "missing_lines": [220, 221, 222, 224, 226, 229, 232, 233, 234, 235, 236, 237, 240, 241, 242, 248, 250, 258, 259], "excluded_lines": []}, "run_ingestion_background": {"executed_lines": [263, 264, 265, 266, 267, 268], "summary": {"covered_lines": 6, "num_statements": 6, "percent_covered": 100.0, "percent_covered_display": "100", "missing_lines": 0, "excluded_lines": 0}, "missing_lines": [], "excluded_lines": []}, "cleanup_ingestion_resources": {"executed_lines": [], "summary": {"covered_lines": 0, "num_statements": 31, "percent_covered": 0.0, "percent_covered_display": "0", "missing_lines": 31, "excluded_lines": 0}, "missing_lines": [276, 277, 278, 280, 281, 282, 283, 284, 286, 288, 289, 291, 292, 293, 294, 295, 296, 297, 298, 299, 300, 301, 302, 305, 307, 308, 309, 310, 312, 321, 322], "excluded_lines": []}, "main": {"executed_lines": [], "summary": {"covered_lines": 0, "num_statements": 2, "percent_covered": 0.0, "percent_covered_display": "0", "missing_lines": 2, "excluded_lines": 0}, "missing_lines": [327, 328], "excluded_lines": []}, "": {"executed_lines": [1, 7, 8, 9, 10, 11, 12, 14, 15, 16, 17, 18, 21, 22, 25, 26, 28, 34, 41, 50, 51, 52, 53, 56, 57, 58, 59, 61, 62, 63, 70, 71, 72, 78, 79, 80, 81, 82, 83, 85, 86, 87, 92, 93, 94, 95, 96, 98, 99, 100, 101, 103, 104, 105, 106, 107, 108, 109, 113, 114, 125, 126, 143, 144, 162, 163, 190, 191, 202, 261, 270, 325, 330], "summary": {"covered_lines": 72, "num_statements": 76, "percent_covered": 94.73684210526316, "percent_covered_display": "95", "missing_lines": 4, "excluded_lines": 0}, "missing_lines": [29, 30, 31, 331], "excluded_lines": []}}, "classes": {"OutputFormat": {"executed_lines": [], "summary": {"covered_lines": 0, "num_statements": 0, "percent_covered": 100.0, "percent_covered_display": "100", "missing_lines": 0, "excluded_lines": 0}, "missing_lines": [], "excluded_lines": []}, "ExcelConversionRequest": {"executed_lines": [64, 65, 66, 67, 68, 73, 74, 75, 76], "summary": {"covered_lines": 9, "num_statements": 9, "percent_covered": 100.0, "percent_covered_display": "100", "missing_lines": 0, "excluded_lines": 0}, "missing_lines": [], "excluded_lines": []}, "ExcelConversionResponse": {"executed_lines": [88, 90], "summary": {"covered_lines": 2, "num_statements": 3, "percent_covered": 66.66666666666667, "percent_covered_display": "67", "missing_lines": 1, "excluded_lines": 0}, "missing_lines": [89], "excluded_lines": []}, "ICEIngestionResponse": {"executed_lines": [], "summary": {"covered_lines": 0, "num_statements": 0, "percent_covered": 100.0, "percent_covered_display": "100", "missing_lines": 0, "excluded_lines": 0}, "missing_lines": [], "excluded_lines": []}, "ICEStatusResponse": {"executed_lines": [], "summary": {"covered_lines": 0, "num_statements": 0, "percent_covered": 100.0, "percent_covered_display": "100", "missing_lines": 0, "excluded_lines": 0}, "missing_lines": [], "excluded_lines": []}, "ICECleanupResponse": {"executed_lines": [], "summary": {"covered_lines": 0, "num_statements": 0, "percent_covered": 100.0, "percent_covered_display": "100", "missing_lines": 0, "excluded_lines": 0}, "missing_lines": [], "excluded_lines": []},